INSERT INTO `carrera`(`id`, `nombre`)  VALUES (1, "Ingenieria en computacion");

INSERT INTO `plan_de_estudio`(`id`, `anio`, `carrera_id`)  VALUES (1, 2008, 1);

INSERT INTO `materia` (`id`, `codigo`, `nombre`) VALUES
(111, 939, "Física I"),
(112, 861, "Análisis Matemático I"),
(113, 742, "Matemática Discreta I"),
(114, 743, "Estructuras de Datos I"),
(115, 862, "Algebra I"),
(116, 591, "Problemas de Historia del Siglo 20"),
(117, 592, "Taller de Introducción a la Problemática del Mundo Contemporáneo"),
(121, 942, "Física II"),
(122, 941, "Análisis Matemático II"),
(123, 744, "Matemática Discreta II"),
(124, 745, "Lenguaje de Programación I"),
(125, 952, "Algebra II"),
(126, 2, "Cultura Contemporánea"),
(127, 592, "Taller de Introducción a la Problemática del Mundo Contemporáneo"),
(211, 746, "Probabilidad y Estadística I"),
(212, 943, "Análisis Matemático III"),
(213, 747, "Estructuras de Datos II"),
(214, 748, "Teoría de Sistemas"),
(215, 749, "Lenguaje de Programación II"),
(216, 3, "Cuestiones de Sociología, Economía y Política"),
(221, 750, "Física III"),
(222, 751, "Probabilidad y Estadística II"),
(223, 752, "Arquitectura de Computadoras"),
(224, 753, "Estructuras de Datos III"),
(225, 754, "Análisis y Diseño Estructurado"),
(226, 104, "Investigación Operativa"),
(311, 755, "Química"),
(312, 756, "Bases de Datos I"),
(313, 757, "Teoría de la Información"),
(314, 758, "Lenguaje de Programación III"),
(315, 1, "Metodología de la Información"),
(316, 759, "Inglés Básico"),
(321, 760, "Análisis y Diseño Orientado a Objetos"),
(322, 761, "Bases de Datos II"),
(323, 762, "Sistemas Operativos"),
(324, 763, "Lenguaje de Programación IV"),
(325, 764, "Teleinformática"),
(326, 765, "Inglés Técnico"),
(411, 766, "Análisis y Diseño de Sistemas en Tiempo Real"),
(412, 767, "Compiladores e Intérpretes"),
(413, 768, "Procesos Estocásticos"),
(414, 769, "Ingeniería en Software"),
(415, 770, "Procesamiento de Señales I"),
(421, 771, "Simulación de Sistemas"),
(422, 772, "Seguridad Informática"),
(423, 773, "Inteligencia Artificial"),
(424, 774, "Procesamiento de Imágenes"),
(425, 775, "Circuitos Electrónicos"),
(511, 1101, "Sistemas de Adquisición de Datos"),
(512, 777, "Bioinformática"),
(513, 778, "Robótica"),
(514, 779, "Laboratorio de Electrónica"),
(515, 780, "Informática Médica"),
(521, 781, "Software Legal"),
(522, 782, "Procesamiento de Señales II"),
(523, 783, "Auditoría de Sistemas"),
(524, 784, "Informática Industrial"),
(525, 785, "Trabajo de Tesis");

INSERT INTO `plan_materia` (`id`, `materia_id`, `anio`, `cuatrimestre`, `correlativa_id`, `horas`, `planEstudio_id`) VALUES
(1, 111, 1, 1, null, 90, 1),
(2, 112, 1, 1, null, 90, 1),
(3, 113, 1, 1, null, 60, 1),
(4, 114, 1, 1, null, 60, 1),
(5, 115, 1, 1, null, 60, 1),
(6, 116, 1, 1, null, 60, 1),
(7, 117, 1, 1, null, 30, 1),
(8, 121, 1, 2, 1, 90, 1),
(9, 122, 1, 2, 2, 90, 1),
(10, 123, 1, 2, 3, 60, 1),
(11, 124, 1, 2, 4, 60, 1),
(12, 125, 1, 2, 5, 60, 1),
(13, 126, 1, 2, null, 60, 1),
(14, 127, 1, 2, null, 30, 1),
(15, 211, 2, 1, 2, 60, 1),
(16, 212, 2, 1, 9, 90, 1),
(17, 213, 2, 1, 4, 60, 1),
(18, 214, 2, 1, 10, 60, 1),
(19, 215, 2, 1, 11, 60, 1),
(20, 216, 2, 1, null, 60, 1),
(21, 221, 2, 2, 8, 90, 1),
(22, 222, 2, 2, 15, 60, 1),
(23, 223, 2, 2, 8, 60, 1),
(24, 224, 2, 2, 17, 60, 1),
(25, 225, 2, 2, 18, 60, 1),
(26, 226, 2, 2, 9, 60, 1),
(27, 311, 3, 1, 21, 90, 1),
(28, 312, 3, 1, 24, 90, 1),
(29, 313, 3, 1, 22, 60, 1),
(30, 314, 3, 1, 19, 60, 1),
(31, 315, 3, 1, null, 60, 1),
(32, 316, 3, 1, null, 60, 1),
(33, 321, 3, 2, 25, 60, 1),
(34, 322, 3, 2, 28, 90, 1),
(35, 323, 3, 2, 23, 120, 1),
(36, 324, 3, 2, 30, 60, 1),
(37, 325, 3, 2, 29, 60, 1),
(38, 326, 3, 2, 32, 60, 1),
(39, 411, 4, 1, 33, 60, 1),
(40, 412, 4, 1, 36, 60, 1),
(41, 413, 4, 1, 22, 60, 1),
(42, 414, 4, 1, 33, 60, 1),
(43, 415, 4, 1, 16, 60, 1),
(44, 421, 4, 2, 26, 60, 1),
(45, 422, 4, 2, 21, 90, 1),
(46, 423, 4, 2, 24, 60, 1),
(47, 424, 4, 2, 43, 60, 1),
(48, 425, 4, 2, 8, 90, 1),
(49, 511, 5, 1, 48, 60, 1),
(50, 512, 5, 1, 27, 60, 1),
(51, 513, 5, 1, 1, 90, 1),
(52, 514, 5, 1, 48, 90, 1),
(53, 515, 5, 1, 28, 60, 1),
(54, 521, 5, 2, null, 60, 1),
(55, 522, 5, 2, 43, 60, 1),
(56, 523, 5, 2, 45, 60, 1),
(57, 524, 5, 2, 51, 60, 1),
(58, 525, 5, 2, 42, 60, 1);

INSERT INTO `alumno` (`id`, `legajo`, `apellido`, `nombre`, `planEstudio_id`, `anioIngreso`) VALUES
(1, 17478, "Rivero", "Gustavo Eduardo", 1, 2010),
(2, 19552, "Etchepare Fajardo", "Martin Alejandro", 1, 2010),
(3, 21178, "Bengolea", "Federico Alberto", 1, 2012),
(4, 23865, "Fierro", "Leandro Matias", 1, 2010),
(5, 26768, "Garcia", "Cristian Ezequiel", 1, 2011),
(6, 26834, "Sethson", "Sebastian Nahuel", 1, 2011),
(7, 27051, "Alfonso", "Lucas Daniel", 1, 2012),
(8, 27066, "Romano", "Leonardo Angel", 1, 2012),
(9, 29800, "Neboli", "Daniela Carla", 1, 2012),
(10, 29914, "Klemenc", "Marco", 1, 2012);

INSERT INTO `situacion_alumno` (`id`, `alumno_id`,`materia_id`, `estado_situacion`, `fecha_situacion`) VALUES
(1, 1, 1, "REGULAR", '15-12-2013'),
(2, 2, 2, "APROBADO", '2013-12-15'),
(3, 3, 3, "REGULAR", '2013-12-15'),
(4, 4, 4, "ABANDONADO", '2013-12-15'),
(5, 5, 5, "APROBADO", '2013-12-15'),
(6, 6, 6, "CURSANDO", '2013-12-15'),
(7, 7, 7, "CURSANDO", '2013-12-15'),
(8, 8, 13, "APROBADO", '2013-12-15'),
(9, 9, 14, "REGULAR", '2013-12-15');

